ssn,first_name,last_name,birth_date,phone_number,email,home_address
123456789,John,Doe,1985-03-15,555-1234,john.doe@example.com,"123 Main St, Anytown, USA"
987654321,Jane,Smith,1990-07-22,555-5678,jane.smith@example.com,"456 Oak St, Anytown, USA"
234567890,Michael,Johnson,1978-11-02,555-8765,michael.johnson@example.com,"789 Pine St, Anytown, USA"
345678901,Emily,Davis,1982-05-12,555-2345,emily.davis@example.com,"101 Maple St, Anytown, USA"
456789012,David,Brown,1995-09-25,555-3456,david.brown@example.com,"202 Birch St, Anytown, USA"
567890123,Sarah,Miller,1988-02-08,555-4567,sarah.miller@example.com,"303 Cedar St, Anytown, USA"
678901234,Robert,Wilson,1975-12-17,555-5678,robert.wilson@example.com,"404 Elm St, Anytown, USA"
789012345,Linda,Moore,1992-06-23,555-6789,linda.moore@example.com,"505 Spruce St, Anytown, USA"
890123456,James,Taylor,1983-01-05,555-7890,james.taylor@example.com,"606 Fir St, Anytown, USA"
901234567,Karen,Anderson,1996-04-18,555-8901,karen.anderson@example.com,"707 Walnut St, Anytown, USA"
123890123,Richard,Thomas,1987-10-13,555-9012,richard.thomas@example.com,"808 Ash St, Anytown, USA"
234901234,Barbara,Jackson,1974-11-27,555-0123,barbara.jackson@example.com,"909 Chestnut St, Anytown, USA"
345012345,Joseph,White,1986-03-30,555-1234,joseph.white@example.com,"1010 Magnolia St, Anytown, USA"
456123456,Patricia,Harris,1991-08-15,555-2345,patricia.harris@example.com,"1111 Hickory St, Anytown, USA"
567234567,Charles,Martin,1984-09-07,555-3456,charles.martin@example.com,"1212 Sycamore St, Anytown, USA"
678345678,Nancy,Thompson,1993-11-19,555-4567,nancy.thompson@example.com,"1313 Poplar St, Anytown, USA"
789456789,Thomas,Garcia,1979-02-21,555-5678,thomas.garcia@example.com,"1414 Dogwood St, Anytown, USA"
890567890,Margaret,Martinez,1981-06-11,555-6789,margaret.martinez@example.com,"1515 Redwood St, Anytown, USA"
901678901,Steven,Robinson,1994-12-08,555-7890,steven.robinson@example.com,"1616 Maple St, Anytown, USA"
123789012,Dorothy,Clark,1973-04-25,555-8901,dorothy.clark@example.com,"1717 Cherry St, Anytown, USA"
234890123,Daniel,Rodriguez,1989-05-14,555-9012,daniel.rodriguez@example.com,"1818 Pine St, Anytown, USA"
100000020,FirstName20,LastName20,1990-09-21,555-1020,firstname20.lastname20@example.com,"20 Road St, Anytown, USA"
100000021,FirstName21,LastName21,1991-10-22,555-1021,firstname21.lastname21@example.com,"21 Road St, Anytown, USA"
100000022,FirstName22,LastName22,1992-11-23,555-1022,firstname22.lastname22@example.com,"22 Road St, Anytown, USA"
100000023,FirstName23,LastName23,1993-12-24,555-1023,firstname23.lastname23@example.com,"23 Road St, Anytown, USA"
100000024,FirstName24,LastName24,1994-01-25,555-1024,firstname24.lastname24@example.com,"24 Road St, Anytown, USA"
100000025,FirstName25,LastName25,1995-02-26,555-1025,firstname25.lastname25@example.com,"25 Road St, Anytown, USA"
100000026,FirstName26,LastName26,1996-03-27,555-1026,firstname26.lastname26@example.com,"26 Road St, Anytown, USA"
100000027,FirstName27,LastName27,1997-04-28,555-1027,firstname27.lastname27@example.com,"27 Road St, Anytown, USA"
100000028,FirstName28,LastName28,1998-05-01,555-1028,firstname28.lastname28@example.com,"28 Road St, Anytown, USA"
100000029,FirstName29,LastName29,1999-06-02,555-1029,firstname29.lastname29@example.com,"29 Road St, Anytown, USA"
100000030,FirstName30,LastName30,1970-07-03,555-1030,firstname30.lastname30@example.com,"30 Road St, Anytown, USA"
100000031,FirstName31,LastName31,1971-08-04,555-1031,firstname31.lastname31@example.com,"31 Road St, Anytown, USA"
100000032,FirstName32,LastName32,1972-09-05,555-1032,firstname32.lastname32@example.com,"32 Road St, Anytown, USA"
100000033,FirstName33,LastName33,1973-10-06,555-1033,firstname33.lastname33@example.com,"33 Road St, Anytown, USA"
100000034,FirstName34,LastName34,1974-11-07,555-1034,firstname34.lastname34@example.com,"34 Road St, Anytown, USA"
100000035,FirstName35,LastName35,1975-12-08,555-1035,firstname35.lastname35@example.com,"35 Road St, Anytown, USA"
100000036,FirstName36,LastName36,1976-01-09,555-1036,firstname36.lastname36@example.com,"36 Road St, Anytown, USA"
100000037,FirstName37,LastName37,1977-02-10,555-1037,firstname37.lastname37@example.com,"37 Road St, Anytown, USA"
100000038,FirstName38,LastName38,1978-03-11,555-1038,firstname38.lastname38@example.com,"38 Road St, Anytown, USA"
100000039,FirstName39,LastName39,1979-04-12,555-1039,firstname39.lastname39@example.com,"39 Road St, Anytown, USA"
100000040,FirstName40,LastName40,1980-05-13,555-1040,firstname40.lastname40@example.com,"40 Road St, Anytown, USA"
100000041,FirstName41,LastName41,1981-06-14,555-1041,firstname41.lastname41@example.com,"41 Road St, Anytown, USA"
100000042,FirstName42,LastName42,1982-07-15,555-1042,firstname42.lastname42@example.com,"42 Road St, Anytown, USA"
100000043,FirstName43,LastName43,1983-08-16,555-1043,firstname43.lastname43@example.com,"43 Road St, Anytown, USA"
100000044,FirstName44,LastName44,1984-09-17,555-1044,firstname44.lastname44@example.com,"44 Road St, Anytown, USA"
100000045,FirstName45,LastName45,1985-10-18,555-1045,firstname45.lastname45@example.com,"45 Road St, Anytown, USA"
100000046,FirstName46,LastName46,1986-11-19,555-1046,firstname46.lastname46@example.com,"46 Road St, Anytown, USA"
100000047,FirstName47,LastName47,1987-12-20,555-1047,firstname47.lastname47@example.com,"47 Road St, Anytown, USA"
100000048,FirstName48,LastName48,1988-01-21,555-1048,firstname48.lastname48@example.com,"48 Road St, Anytown, USA"
100000049,FirstName49,LastName49,1989-02-22,555-1049,firstname49.lastname49@example.com,"49 Road St, Anytown, USA"
100000050,FirstName50,LastName50,1990-03-23,555-1050,firstname50.lastname50@example.com,"50 Road St, Anytown, USA"
100000051,FirstName51,LastName51,1991-04-24,555-1051,firstname51.lastname51@example.com,"51 Road St, Anytown, USA"
100000052,FirstName52,LastName52,1992-05-25,555-1052,firstname52.lastname52@example.com,"52 Road St, Anytown, USA"
100000053,FirstName53,LastName53,1993-06-26,555-1053,firstname53.lastname53@example.com,"53 Road St, Anytown, USA"
100000054,FirstName54,LastName54,1994-07-27,555-1054,firstname54.lastname54@example.com,"54 Road St, Anytown, USA"
100000055,FirstName55,LastName55,1995-08-28,555-1055,firstname55.lastname55@example.com,"55 Road St, Anytown, USA"
100000056,FirstName56,LastName56,1996-09-01,555-1056,firstname56.lastname56@example.com,"56 Road St, Anytown, USA"
100000057,FirstName57,LastName57,1997-10-02,555-1057,firstname57.lastname57@example.com,"57 Road St, Anytown, USA"
100000058,FirstName58,LastName58,1998-11-03,555-1058,firstname58.lastname58@example.com,"58 Road St, Anytown, USA"
100000059,FirstName59,LastName59,1999-12-04,555-1059,firstname59.lastname59@example.com,"59 Road St, Anytown, USA"
100000060,FirstName60,LastName60,1970-01-05,555-1060,firstname60.lastname60@example.com,"60 Road St, Anytown, USA"
100000061,FirstName61,LastName61,1971-02-06,555-1061,firstname61.lastname61@example.com,"61 Road St, Anytown, USA"
100000062,FirstName62,LastName62,1972-03-07,555-1062,firstname62.lastname62@example.com,"62 Road St, Anytown, USA"
100000063,FirstName63,LastName63,1973-04-08,555-1063,firstname63.lastname63@example.com,"63 Road St, Anytown, USA"
100000064,FirstName64,LastName64,1974-05-09,555-1064,firstname64.lastname64@example.com,"64 Road St, Anytown, USA"
100000065,FirstName65,LastName65,1975-06-10,555-1065,firstname65.lastname65@example.com,"65 Road St, Anytown, USA"
100000066,FirstName66,LastName66,1976-07-11,555-1066,firstname66.lastname66@example.com,"66 Road St, Anytown, USA"
100000067,FirstName67,LastName67,1977-08-12,555-1067,firstname67.lastname67@example.com,"67 Road St, Anytown, USA"
100000068,FirstName68,LastName68,1978-09-13,555-1068,firstname68.lastname68@example.com,"68 Road St, Anytown, USA"
100000069,FirstName69,LastName69,1979-10-14,555-1069,firstname69.lastname69@example.com,"69 Road St, Anytown, USA"
100000070,FirstName70,LastName70,1980-11-15,555-1070,firstname70.lastname70@example.com,"70 Road St, Anytown, USA"
100000071,FirstName71,LastName71,1981-12-16,555-1071,firstname71.lastname71@example.com,"71 Road St, Anytown, USA"
100000072,FirstName72,LastName72,1982-01-17,555-1072,firstname72.lastname72@example.com,"72 Road St, Anytown, USA"
100000073,FirstName73,LastName73,1983-02-18,555-1073,firstname73.lastname73@example.com,"73 Road St, Anytown, USA"
100000074,FirstName74,LastName74,1984-03-19,555-1074,firstname74.lastname74@example.com,"74 Road St, Anytown, USA"
100000075,FirstName75,LastName75,1985-04-20,555-1075,firstname75.lastname75@example.com,"75 Road St, Anytown, USA"
100000076,FirstName76,LastName76,1986-05-21,555-1076,firstname76.lastname76@example.com,"76 Road St, Anytown, USA"
100000077,FirstName77,LastName77,1987-06-22,555-1077,firstname77.lastname77@example.com,"77 Road St, Anytown, USA"
100000078,FirstName78,LastName78,1988-07-23,555-1078,firstname78.lastname78@example.com,"78 Road St, Anytown, USA"
100000079,FirstName79,LastName79,1989-08-24,555-1079,firstname79.lastname79@example.com,"79 Road St, Anytown, USA"
100000080,FirstName80,LastName80,1990-09-25,555-1080,firstname80.lastname80@example.com,"80 Road St, Anytown, USA"
100000081,FirstName81,LastName81,1991-10-26,555-1081,firstname81.lastname81@example.com,"81 Road St, Anytown, USA"
100000082,FirstName82,LastName82,1992-11-27,555-1082,firstname82.lastname82@example.com,"82 Road St, Anytown, USA"
100000083,FirstName83,LastName83,1993-12-28,555-1083,firstname83.lastname83@example.com,"83 Road St, Anytown, USA"
100000084,FirstName84,LastName84,1994-01-01,555-1084,firstname84.lastname84@example.com,"84 Road St, Anytown, USA"
100000085,FirstName85,LastName85,1995-02-02,555-1085,firstname85.lastname85@example.com,"85 Road St, Anytown, USA"
100000086,FirstName86,LastName86,1996-03-03,555-1086,firstname86.lastname86@example.com,"86 Road St, Anytown, USA"
100000087,FirstName87,LastName87,1997-04-04,555-1087,firstname87.lastname87@example.com,"87 Road St, Anytown, USA"
100000088,FirstName88,LastName88,1998-05-05,555-1088,firstname88.lastname88@example.com,"88 Road St, Anytown, USA"
100000089,FirstName89,LastName89,1999-06-06,555-1089,firstname89.lastname89@example.com,"89 Road St, Anytown, USA"
100000090,FirstName90,LastName90,1970-07-07,555-1090,firstname90.lastname90@example.com,"90 Road St, Anytown, USA"
100000091,FirstName91,LastName91,1971-08-08,555-1091,firstname91.lastname91@example.com,"91 Road St, Anytown, USA"
100000092,FirstName92,LastName92,1972-09-09,555-1092,firstname92.lastname92@example.com,"92 Road St, Anytown, USA"
100000093,FirstName93,LastName93,1973-10-10,555-1093,firstname93.lastname93@example.com,"93 Road St, Anytown, USA"
100000094,FirstName94,LastName94,1974-11-11,555-1094,firstname94.lastname94@example.com,"94 Road St, Anytown, USA"
100000095,FirstName95,LastName95,1975-12-12,555-1095,firstname95.lastname95@example.com,"95 Road St, Anytown, USA"
100000096,FirstName96,LastName96,1976-01-13,555-1096,firstname96.lastname96@example.com,"96 Road St, Anytown, USA"
100000097,FirstName97,LastName97,1977-02-14,555-1097,firstname97.lastname97@example.com,"97 Road St, Anytown, USA"
100000098,FirstName98,LastName98,1978-03-15,555-1098,firstname98.lastname98@example.com,"98 Road St, Anytown, USA"
100000099,FirstName99,LastName99,1979-04-16,555-1099,firstname99.lastname99@example.com,"99 Road St, Anytown, USA"
